{
    "gco": 2,
    "gdi": 0,
    "si": 250,
    "gun": 0,
    "ct": 0.0001,
    "jt": 1,
    "1ma": 0,
    "2ma": 1,
    "3ma": 2,
    "4ma": 3,
    "1po": 1,
    "2po": 1,
    "3po": 1,
    "4po": 0,
    "1su": 2482.81713,
    "2su": 2482.81713,
    "3su": 2979.38037,
    "4su": 2979.38037,
    "xvm": 900,
    "yvm": 1200,
    "zvm": 1200,
    "avm": 15000,
    "bvm": 15000,
    "cvm": 15000,
    "xfr": 360,
    "yfr": 360,
    "zfr": 360,
    "afr": 45000,
    "bfr": 45000,
    "cfr": 45000,
    "xjm": 100,
    "yjm": 150,
    "zjm": 100,
    "ajm": 6000,
    "bjm": 6000,
    "cjm": 6000,
    "xtm": 0,
    "ytm": 0,
    "ztm": 0,
    "atm": 0,
    "btm": 0,
    "ctm": 0,
    "xtn": 0,
    "ytn": 0,
    "ztn": 0,
    "atn": 0,
    "btn": 0,
    "ctn": 0,
    "di1mo": 0,
    "di2mo": 1,
    "di3mo": 1,
    "di4mo": 1,
    "di5mo": 0,
    "di6mo": 0,
    "di7mo": 0,
    "di8mo": 0,
    "di1ac": 0,
    "di2ac": 0,
    "di3ac": 0,
    "di4ac": 0,
    "di5ac": 0,
    "di6ac": 0,
    "di7ac": 0,
    "di8ac": 0,
    "di1fn": 0,
    "di2fn": 0,
    "di3fn": 0,
    "di4fn": 0,
    "di6fn": 0,
    "di7fn": 0,
    "di8fn": 0,
    "xjh": 10000,
    "yjh": 10000,
    "zjh": 100,
    "ajh": 3226,
    "bjh": 3226,
    "cjh": 3226,
    "xam": 1,
    "yam": 1,
    "zam": 1,
    "aam": 0,
    "bam": 0,
    "cam": 3,
    "zl": 0.5,
    "spde": 2
}
